<?xml version="1.0" encoding="utf-8"?>
<BOBPackFile>
  <propPacks>
    <replacementpack name="Another American Highways">
      <propReplacements>
        <replacement target="Road Arrow R" replacement="2017154380.ZDS PM R HW_Data" />
        <replacement target="Road Arrow L" replacement="2017154380.ZDS PM L HW_Data" />
        <replacement target="Road Arrow F" replacement="2017154380.ZDS PM F HW_Data" />
        <replacement target="Road Arrow LF" replacement="2017154380.ZDS PM FL HW_Data" />
        <replacement target="Road Arrow FR" replacement="2017154380.ZDS PM FR HW_Data" />
        <replacement target="Road Arrow LR" replacement="2017154380.ZDS PM LR HW_Data" />
        <replacement target="Road Arrow LFR" replacement="2017154380.ZDS PM FLR HW_Data" />
      </propReplacements>
    </replacementpack>	  
    <replacementpack name="Australian Road Arrows">
      <propReplacements>
        <replacement target="Road Arrow R" replacement="2071057587.AU Arrow Right_Data" />
        <replacement target="Road Arrow L" replacement="2071057587.AU Arrow Left_Data" />
        <replacement target="Road Arrow F" replacement="2071057587.AU Arrow Straight_Data" />
        <replacement target="Road Arrow LF" replacement="2071057587.AU Arrow Straight Left_Data" />
        <replacement target="Road Arrow FR" replacement="2071057587.AU Arrow Straight Right_Data" />
        <replacement target="Road Arrow LR" replacement="Road Arrow LR" hide="true" />
        <replacement target="Road Arrow LFR" replacement="Road Arrow LFR" hide="true" />
      </propReplacements>
    </replacementpack>
    <replacementpack name="BIG Urban Road Arrows">
      <propReplacements>
        <replacement target="Road Arrow R" replacement="2228643473.BIG Urban Roads Decal Arrow R_Data" />
        <replacement target="Road Arrow L" replacement="2228643473.BIG Urban Roads Decal Arrow L_Data" />
        <replacement target="Road Arrow F" replacement="2228643473.BIG Urban Roads Decal Arrow F_Data" />
        <replacement target="Road Arrow LF" replacement="2228643473.BIG Urban Roads Decal Arrow FL_Data" />
        <replacement target="Road Arrow FR" replacement="2228643473.BIG Urban Roads Decal Arrow FR_Data" />
        <replacement target="Road Arrow LR" replacement="Road Arrow LR" hide="true" />
        <replacement target="Road Arrow LFR" replacement="Road Arrow LFR" hide="true" />
      </propReplacements>
    </replacementpack>
    <replacementpack name="Chinese Road Markings">
      <propReplacements>
        <replacement target="Road Arrow R" replacement="2874984865.KIT_CRM_GA_R_Data" />
        <replacement target="Road Arrow L" replacement="2874984865.KIT_CRM_GA_L_Data" />
        <replacement target="Road Arrow F" replacement="2874984865.KIT_CRM_GA_F_Data" />
        <replacement target="Road Arrow LF" replacement="2874984865.KIT_CRM_GA_FL_Data" />
        <replacement target="Road Arrow FR" replacement="2874984865.KIT_CRM_GA_FR_Data" />
        <replacement target="Road Arrow LR" replacement="2874984865.KIT_CRM_GA_LR_Data" />
        <replacement target="Road Arrow LFR" replacement="Road Arrow LFR" hide="true" />
      </propReplacements>
    </replacementpack>
    <replacementpack name="clus Americana Road Arrows">
      <propReplacements>
        <replacement target="Road Arrow R" replacement="2128887855.Arrow Right 2_Data" />
        <replacement target="Road Arrow L" replacement="2128887855.Arrow Left 2_Data" />
        <replacement target="Road Arrow F" replacement="2128887855.Arrow Forward 2_Data" />
        <replacement target="Road Arrow LF" replacement="2128887855.Arrow Forward - Left_Data" />
        <replacement target="Road Arrow FR" replacement="2128887855.Arrow Forward - Right_Data" />
        <replacement target="Road Arrow LR" replacement="2128887855.Arrow - Right - Left_Data" />
        <replacement target="Road Arrow LFR" replacement="Road Arrow LFR" hide="true" />
      </propReplacements>
    </replacementpack>
    <replacementpack name="Danish Road Arrows">
      <propReplacements>
        <replacement target="Road Arrow R" replacement="2071058348.DK Arrow Right_Data" />
        <replacement target="Road Arrow L" replacement="2071058348.DK Arrow Left_Data" />
        <replacement target="Road Arrow F" replacement="2071058348.DK Arrow Straight_Data" />
        <replacement target="Road Arrow LF" replacement="2071058348.DK Arrow Straight Left_Data" />
        <replacement target="Road Arrow FR" replacement="2071058348.DK Arrow Straight Right_Data" />
        <replacement target="Road Arrow LR" replacement="Road Arrow LR" hide="true" />
        <replacement target="Road Arrow LFR" replacement="Road Arrow LFR" hide="true" />
      </propReplacements>
    </replacementpack>
    <replacementpack name="French Road Arrows">
      <propReplacements>
        <replacement target="Road Arrow R" replacement="1083162158.FR arrow right_Data" />
        <replacement target="Road Arrow L" replacement="1083162158.FR arrow left_Data" />
        <replacement target="Road Arrow F" replacement="1083162158.FR arrow straight_Data" />
        <replacement target="Road Arrow LF" replacement="1083162158.FR arrow straight left_Data" />
        <replacement target="Road Arrow FR" replacement="1083162158.FR arrow straight right_Data" />
        <replacement target="Road Arrow LR" replacement="Road Arrow LR" hide="true" />
        <replacement target="Road Arrow LFR" replacement="Road Arrow LFR" hide="true" />
      </propReplacements>
    </replacementpack>
    <replacementpack name="German Road Arrows">
      <propReplacements>
        <replacement target="Road Arrow R" replacement="1866391549.DE Arrow Right_Data" />
        <replacement target="Road Arrow L" replacement="1866391549.DE Arrow Left_Data" />
        <replacement target="Road Arrow F" replacement="1866391549.DE Arrow Straight_Data" />
        <replacement target="Road Arrow LF" replacement="1866391549.DE Arrow Straight Left_Data" />
        <replacement target="Road Arrow FR" replacement="1866391549.DE Arrow Straight Right_Data" />
        <replacement target="Road Arrow LR" replacement="Road Arrow LR" hide="true" />
        <replacement target="Road Arrow LFR" replacement="Road Arrow LFR" hide="true" />
      </propReplacements>
    </replacementpack>
    <replacementpack name="Korean Road Arrows">
      <propReplacements>
        <replacement target="Road Arrow R" replacement="1787627069.tdb Right Arrow_Data" />
        <replacement target="Road Arrow L" replacement="1787627069.tdb Left Arrow_Data" />
        <replacement target="Road Arrow F" replacement="1787627069.tdb Straight Arrow_Data" />
        <replacement target="Road Arrow LF" replacement="1787627069.tdb Left Straight Arrow_Data" />
        <replacement target="Road Arrow FR" replacement="1787627069.tdb Right Straight Arrow_Data" />
        <replacement target="Road Arrow LR" replacement="Road Arrow LR" hide="true" />
        <replacement target="Road Arrow LFR" replacement="Road Arrow LFR" hide="true" />
      </propReplacements>
    </replacementpack>
    <replacementpack name="Japanese replacer Arrows">
      <propReplacements>
        <replacement target="Road Arrow R" replacement="1568009578.JP Arrow Right_Data" />
        <replacement target="Road Arrow L" replacement="1568009578.JP Arrow Left_Data" />
        <replacement target="Road Arrow F" replacement="1568009578.JP Arrow Forward_Data" />
        <replacement target="Road Arrow LF" replacement="1568009578.JP Arrow Forward Left_Data" />
        <replacement target="Road Arrow FR" replacement="1568009578.JP Arrow Forward Right_Data" />
        <replacement target="Road Arrow LR" replacement="1568009578.JP Arrow Left Right_Data"/>
        <replacement target="Road Arrow LFR" replacement="Road Arrow LFR" hide="true" />
      </propReplacements>
    </replacementpack>	
    <replacementpack name="Malaysian Road Arrows">
      <propReplacements>
        <replacement target="Road Arrow R" replacement="2013521990.MY Arrow Right 2_Data" />
        <replacement target="Road Arrow L" replacement="2013521990.MY Arrow Left 2_Data" />
        <replacement target="Road Arrow F" replacement="2013521990.MY Arrow Straight_Data" />
        <replacement target="Road Arrow LF" replacement="2013521990.MY Arrow Straight Left_Data" />
        <replacement target="Road Arrow FR" replacement="2013521990.MY Arrow Straight Right_Data" />
        <replacement target="Road Arrow LR" replacement="Road Arrow LR" hide="true" />
        <replacement target="Road Arrow LFR" replacement="Road Arrow LFR" hide="true" />
      </propReplacements>
    </replacementpack>
    <replacementpack name="Spanish Road Arrows">
	  <propReplacements>
        <replacement target="Road Arrow R" replacement="2008960441.Spanish Arrow Right_Data" />
        <replacement target="Road Arrow L" replacement="2008960441.Spanish Arrow Left_Data" />
        <replacement target="Road Arrow F" replacement="2008960441.Spanish Arrow Forward_Data" />
        <replacement target="Road Arrow LF" replacement="2008960441.Spanish Arrow Forward Left_Data" />
        <replacement target="Road Arrow FR" replacement="2008960441.Spanish Arrow Forward Right_Data" />
        <replacement target="Road Arrow LR" replacement="2008960441.Spanish Arrow Left Right_Data" />
        <replacement target="Road Arrow LFR" replacement="2008960441.Spanish Arrow Forward Left Right_Data" />
      </propReplacements>
    </replacementpack>
    <replacementpack name="Swedish Road Arrows">
	  <propReplacements>
        <replacement target="Road Arrow R" replacement="2412512876.Swedish Arrow Right_Data" />
        <replacement target="Road Arrow L" replacement="2412512876.Swedish Arrow Left_Data" />
        <replacement target="Road Arrow F" replacement="2412512876.Swedish Arrow Forward_Data" />
        <replacement target="Road Arrow LF" replacement="2412512876.Swedish Arrow Forward Left_Data" />
        <replacement target="Road Arrow FR" replacement="2412512876.Swedish Arrow Forward Right_Data" />
        <replacement target="Road Arrow LR" replacement="2412512876.Swedish Arrow Left Right_Data" />
        <replacement target="Road Arrow LFR" replacement="2412512876.Swedish Arrow Forward Left Right_Data" />
      </propReplacements>
    </replacementpack>	
    <replacementpack name="USRP US Road Project Road Arrows">
      <propReplacements>
        <replacement target="Road Arrow R" replacement="2088550283.USRP Arrow Right_Data" />
        <replacement target="Road Arrow L" replacement="2088550283.USRP Arrow Left_Data" />
        <replacement target="Road Arrow F" replacement="2088550283.USRP Arrow Forward_Data" />
        <replacement target="Road Arrow LF" replacement="2088550283.USRP Arrow Left-Forward_Data" />
        <replacement target="Road Arrow FR" replacement="2088550283.USRP Arrow Forward-Right_Data" />
        <replacement target="Road Arrow LR" replacement="Road Arrow LR" hide="true" />
        <replacement target="Road Arrow LFR" replacement="Road Arrow LFR" hide="true" />
      </propReplacements>
    </replacementpack>
  </propPacks>
</BOBPackFile>
